name,email,phone
Alice Johnson,alice.johnson@gmail.com,555-234-5678
Bob Smith,bob.smith@yahoo.com,555-345-6789
Carol White,carol.white@hotmail.com,555-456-7890
David Brown,david.brown@gmail.com,555-567-8901
Eva Martinez,eva.martinez@outlook.com,555-678-9012
Frank Lee,frank.lee@gmail.com,555-789-0123
Grace Kim,grace.kim@yahoo.com,555-890-1234
Henry Davis,henry.davis@hotmail.com,555-901-2345
Irene Wilson,irene.wilson@gmail.com,555-012-3456
Jack Taylor,jack.taylor@outlook.com,555-123-4567
Alice Johnson,alice.johnson@gmail.com,555-234-5678
Karen Moore,karen.moore@gmail.com,555-234-5679
Larry Anderson,larry.anderson@yahoo.com,555-345-6780
Mia Thomas,mia.thomas@hotmail.com,555-456-7891
Nathan Jackson,nathan.jackson@gmail.com,555-567-8902
Olivia Harris,olivia.harris@outlook.com,555-678-9013
Peter Martin,peter.martin@gmail.com,555-789-0124
Quinn Thompson,quinn.thompson@yahoo.com,555-890-1235
Rachel Garcia,rachel.garcia@hotmail.com,555-901-2346
Sam Robinson,sam.robinson@gmail.com,555-012-3457
Bob Smith,bob.smith@yahoo.com,555-345-6789
Tina Clark,tina.clark@outlook.com,555-123-4568
Uma Rodriguez,uma.rodriguez@gmail.com,555-234-5670
Victor Lewis,victor.lewis@yahoo.com,555-345-6781
Wendy Lee,wendy.lee@hotmail.com,555-456-7892
Xander Walker,xander.walker@gmail.com,555-567-8903
Yara Hall,yara.hall@outlook.com,555-678-9014
Zack Allen,zack.allen@gmail.com,555-789-0125
Amy Young,amy.young@yahoo.com,555-890-1236
Brian Hernandez,brian.hernandez@hotmail.com,555-901-2347
Carol White,carol.white@hotmail.com,555-456-7890
Christine King,christine.king@gmail.com,555-012-3458
Derek Wright,derek.wright@outlook.com,555-123-4569
Eleanor Scott,eleanor.scott@gmail.com,555-234-5671
Finn Torres,finn.torres@yahoo.com,555-345-6782
Gloria Nguyen,gloria.nguyen@hotmail.com,555-456-7893
Hank Hill,hank.hill@gmail.com,555-567-8904
Isla Flores,isla.flores@outlook.com,555-678-9015
James Rivera,james.rivera@gmail.com,555-789-0126
Kara Cooper,kara.cooper@yahoo.com,555-890-1237
David Brown,david.brown@gmail.com,555-567-8901
Liam Reed,liam.reed@hotmail.com,555-901-2348
Maya Bailey,maya.bailey@gmail.com,555-012-3459
Noah Bell,noah.bell@outlook.com,555-123-4560
Opal Cox,opal.cox@gmail.com,555-234-5672
Patrick Diaz,patrick.diaz@yahoo.com,555-345-6783
Queenie Evans,queenie.evans@hotmail.com,555-456-7894
Ryan Foster,ryan.foster@gmail.com,555-567-8905
Sara Gonzalez,sara.gonzalez@outlook.com,555-678-9016
Tom Hayes,tom.hayes@gmail.com,555-789-0127
Eva Martinez,eva.martinez@outlook.com,555-678-9012
Uma Jenkins,uma.jenkins@yahoo.com,555-890-1238
Vera Kelly,vera.kelly@hotmail.com,555-901-2349
Will Long,will.long@gmail.com,555-012-3450
Xena Morgan,xena.morgan@outlook.com,555-123-4561
Yusuf Nelson,yusuf.nelson@gmail.com,555-234-5673
Zoe Owens,zoe.owens@yahoo.com,555-345-6784
Aaron Parker,aaron.parker@hotmail.com,555-456-7895
Bella Quinn,bella.quinn@gmail.com,555-567-8906
Carlos Ramirez,carlos.ramirez@outlook.com,555-678-9017
Frank Lee,frank.lee@gmail.com,555-789-0123
Diana Sanders,diana.sanders@gmail.com,555-789-0128
Ethan Turner,ethan.turner@yahoo.com,555-890-1239
Fiona Underwood,fiona.underwood@hotmail.com,555-901-2340
George Vance,george.vance@gmail.com,555-012-3451
Holly Ward,holly.ward@outlook.com,555-123-4562
Ivan Xavier,ivan.xavier@gmail.com,555-234-5674
Julia Young,julia.young@yahoo.com,555-345-6785
Kevin Zhang,kevin.zhang@hotmail.com,555-456-7896
Laura Adams,laura.adams@gmail.com,555-567-8907
Grace Kim,grace.kim@yahoo.com,555-890-1234
Michael Baker,michael.baker@outlook.com,555-678-9018
Nancy Carter,nancy.carter@gmail.com,555-789-0129
Oscar Davies,oscar.davies@yahoo.com,555-890-1230
Paula Edwards,paula.edwards@hotmail.com,555-901-2341
Robert Ford,robert.ford@gmail.com,555-012-3452
Stephanie Green,stephanie.green@outlook.com,555-123-4563
Tyler Hughes,tyler.hughes@gmail.com,555-234-5675
Ursula Ingram,ursula.ingram@yahoo.com,555-345-6786
Vincent James,vincent.james@hotmail.com,555-456-7897
Henry Davis,henry.davis@hotmail.com,555-901-2345
Whitney Kline,whitney.kline@gmail.com,555-567-8908
Alex Lambert,alex.lambert@outlook.com,555-678-9019
Britney Mason,britney.mason@gmail.com,555-789-0120
Chad Norton,chad.norton@yahoo.com,555-890-1231
Denise Oliver,denise.oliver@hotmail.com,555-901-2342
Eric Peterson,eric.peterson@gmail.com,555-012-3453
Faith Quinn,faith.quinn@outlook.com,555-123-4564
Gary Richards,gary.richards@gmail.com,555-234-5676
Hannah Stevens,hannah.stevens@yahoo.com,555-345-6787
Irene Wilson,irene.wilson@gmail.com,555-012-3456
Isaiah Tucker,isaiah.tucker@hotmail.com,555-456-7898
Janet Underhill,janet.underhill@gmail.com,555-567-8909
Kurt Villanueva,kurt.villanueva@outlook.com,555-678-9010
Linda Walters,linda.walters@gmail.com,555-789-0121
Marcus Xiong,marcus.xiong@yahoo.com,555-890-1232
Nina Yates,nina.yates@hotmail.com,555-901-2343
Owen Zimmerman,owen.zimmerman@gmail.com,555-012-3454
Priya Anand,priya.anand@outlook.com,555-123-4565
Jack Taylor,jack.taylor@outlook.com,555-123-4567
Quentin Brooks,quentin.brooks@gmail.com,555-234-5677
Rose Chang,rose.chang@yahoo.com,555-345-6788
Steve Daniels,steve.daniels@hotmail.com,555-456-7899
Tammy Evans,tammy.evans@gmail.com,555-567-8910
Ulrich Fischer,ulrich.fischer@outlook.com,555-678-9011
Vanessa Gomez,vanessa.gomez@gmail.com,555-789-0122
Walter Henderson,walter.henderson@yahoo.com,555-890-1233
Xiomara Ibarra,xiomara.ibarra@hotmail.com,555-901-2344
Yvonne Jefferson,yvonne.jefferson@gmail.com,555-012-3455
Zachary Knox,zachary.knox@outlook.com,555-123-4566
Karen Moore,karen.moore@gmail.com,555-234-5679
Abby Lambert,abby.lambert@gmail.com,555-234-5600
Ben Mason,ben.mason@yahoo.com,555-345-6700
Cathy Norton,cathy.norton@hotmail.com,555-456-7800
Dan Oliver,dan.oliver@gmail.com,555-567-8900
Elaine Parker,elaine.parker@outlook.com,555-678-9000
Fred Quinn,fred.quinn@gmail.com,555-789-0100
Gina Richards,gina.richards@yahoo.com,555-890-1200
Howard Stevens,howard.stevens@hotmail.com,555-901-2300
Iris Tucker,iris.tucker@gmail.com,555-012-3400
John Underwood,john.underwood@outlook.com,555-123-4500
Larry Anderson,larry.anderson@yahoo.com,555-345-6780
Kim Vega,kim.vega@gmail.com,555-234-5601
Leon Warner,leon.warner@yahoo.com,555-345-6701
Maria Xiong,maria.xiong@hotmail.com,555-456-7801
Neil Yates,neil.yates@gmail.com,555-567-8901
Olivia Zimmerman,olivia.zimmerman@outlook.com,555-678-9001
Paul Anand,paul.anand@gmail.com,555-789-0101
Queena Brooks,queena.brooks@yahoo.com,555-890-1201
Richard Chang,richard.chang@hotmail.com,555-901-2301
Sandra Daniels,sandra.daniels@gmail.com,555-012-3401
Mia Thomas,mia.thomas@hotmail.com,555-456-7891
Theodore Evans,theodore.evans@outlook.com,555-123-4501
Ursula Fischer,ursula.fischer@gmail.com,555-234-5602
Victor Gomez,victor.gomez@yahoo.com,555-345-6702
Wanda Henderson,wanda.henderson@hotmail.com,555-456-7802
Xander Ibarra,xander.ibarra@gmail.com,555-567-8902
Yasmin Jefferson,yasmin.jefferson@outlook.com,555-678-9002
Zach Knox,zach.knox@gmail.com,555-789-0102
Anna Lambert,anna.lambert@yahoo.com,555-890-1202
Blake Mason,blake.mason@hotmail.com,555-901-2302
Nathan Jackson,nathan.jackson@gmail.com,555-567-8902
Claire Norton,claire.norton@gmail.com,555-012-3402
Dean Oliver,dean.oliver@outlook.com,555-123-4502
Elisa Parker,elisa.parker@gmail.com,555-234-5603
Finn Quinn,finn.quinn@yahoo.com,555-345-6703
Greta Richards,greta.richards@hotmail.com,555-456-7803
Hugh Stevens,hugh.stevens@gmail.com,555-567-8903
Irma Tucker,irma.tucker@outlook.com,555-678-9003
Jerome Underwood,jerome.underwood@gmail.com,555-789-0103
Kate Vega,kate.vega@yahoo.com,555-890-1203
Olivia Harris,olivia.harris@outlook.com,555-678-9013
Lance Warner,lance.warner@hotmail.com,555-901-2303
Meg Xiong,meg.xiong@gmail.com,555-012-3403
Ned Yates,ned.yates@outlook.com,555-123-4503
Opal Zimmerman,opal.zimmerman@gmail.com,555-234-5604
Perry Anand,perry.anand@yahoo.com,555-345-6704
Queenie Brooks,queenie.brooks@hotmail.com,555-456-7804
Rex Chang,rex.chang@gmail.com,555-567-8904
Sylvia Daniels,sylvia.daniels@outlook.com,555-678-9004
Theo Evans,theo.evans@gmail.com,555-789-0104
Peter Martin,peter.martin@gmail.com,555-789-0124
Uma Fischer,uma.fischer@yahoo.com,555-890-1204
Vince Gomez,vince.gomez@hotmail.com,555-901-2304
Wendy Henderson,wendy.henderson@gmail.com,555-012-3404
Xerxes Ibarra,xerxes.ibarra@outlook.com,555-123-4504
Yolanda Jefferson,yolanda.jefferson@gmail.com,555-234-5605
Zena Knox,zena.knox@yahoo.com,555-345-6705
Albert Lambert,albert.lambert@hotmail.com,555-456-7805
Bonnie Mason,bonnie.mason@gmail.com,555-567-8905
Craig Norton,craig.norton@outlook.com,555-678-9005
Quinn Thompson,quinn.thompson@yahoo.com,555-890-1235
Donna Oliver,donna.oliver@gmail.com,555-789-0105
Edward Parker,edward.parker@yahoo.com,555-890-1205
Felicia Quinn,felicia.quinn@hotmail.com,555-901-2305
Gordon Richards,gordon.richards@gmail.com,555-012-3405
Helen Stevens,helen.stevens@outlook.com,555-123-4505
Ian Tucker,ian.tucker@gmail.com,555-234-5606
Janet Underwood,janet.underwood@yahoo.com,555-345-6706
Kyle Vega,kyle.vega@hotmail.com,555-456-7806
Rachel Garcia,rachel.garcia@hotmail.com,555-901-2346
Lily Warner,lily.warner@gmail.com,555-567-8906
Max Xiong,max.xiong@outlook.com,555-678-9006
Nora Yates,nora.yates@gmail.com,555-789-0106
Oliver Zimmerman,oliver.zimmerman@yahoo.com,555-890-1206
Pamela Anand,pamela.anand@hotmail.com,555-901-2306
Quincy Brooks,quincy.brooks@gmail.com,555-012-3406
Rita Chang,rita.chang@outlook.com,555-123-4507
Scott Daniels,scott.daniels@gmail.com,555-234-5607
Tara Evans,tara.evans@yahoo.com,555-345-6707
Sam Robinson,sam.robinson@gmail.com,555-012-3457
Ulysses Fischer,ulysses.fischer@hotmail.com,555-456-7807
Valeria Gomez,valeria.gomez@gmail.com,555-567-8907
William Henderson,william.henderson@outlook.com,555-678-9007
Xiulan Ibarra,xiulan.ibarra@gmail.com,555-789-0107
Yvette Jefferson,yvette.jefferson@yahoo.com,555-890-1207
Zeus Knox,zeus.knox@hotmail.com,555-901-2307
Amelia Lambert,amelia.lambert@gmail.com,555-012-3407
Boris Mason,boris.mason@outlook.com,555-123-4508
Carla Norton,carla.norton@gmail.com,555-234-5608
Tina Clark,tina.clark@outlook.com,555-123-4568
Diego Oliver,diego.oliver@yahoo.com,555-345-6708
Elena Parker,elena.parker@hotmail.com,555-456-7808
Felix Quinn,felix.quinn@gmail.com,555-567-8908
Gale Richards,gale.richards@outlook.com,555-678-9008
Harold Stevens,harold.stevens@gmail.com,555-789-0108
Ivy Tucker,ivy.tucker@yahoo.com,555-890-1208
Jesse Underwood,jesse.underwood@hotmail.com,555-901-2308
Kristin Vega,kristin.vega@gmail.com,555-012-3408
Uma Rodriguez,uma.rodriguez@gmail.com,555-234-5670
Logan Warner,logan.warner@outlook.com,555-123-4509
Monica Xiong,monica.xiong@gmail.com,555-234-5609
Norm Yates,norm.yates@yahoo.com,555-345-6709
Oscar Zimmerman,oscar.zimmerman@hotmail.com,555-456-7809
Penny Anand,penny.anand@gmail.com,555-567-8909
Quinn Chang,quinn.chang@outlook.com,555-678-9009
Ruben Daniels,ruben.daniels@gmail.com,555-789-0109
Sharon Evans,sharon.evans@yahoo.com,555-890-1209
Tim Fischer,tim.fischer@hotmail.com,555-901-2309
Victor Lewis,victor.lewis@yahoo.com,555-345-6781
Uriah Gomez,uriah.gomez@gmail.com,555-012-3409
Violet Henderson,violet.henderson@outlook.com,555-123-4510
Warren Ibarra,warren.ibarra@gmail.com,555-234-5610
Xena Jefferson,xena.jefferson@yahoo.com,555-345-6710
Yasmine Knox,yasmine.knox@hotmail.com,555-456-7810
Zion Lambert,zion.lambert@gmail.com,555-567-8910
Aria Mason,aria.mason@outlook.com,555-678-9010
Brody Norton,brody.norton@gmail.com,555-789-0110
Casey Oliver,casey.oliver@yahoo.com,555-890-1210
Wendy Lee,wendy.lee@hotmail.com,555-456-7892
Delia Parker,delia.parker@hotmail.com,555-901-2310
Emmett Quinn,emmett.quinn@gmail.com,555-012-3410
Freda Richards,freda.richards@outlook.com,555-123-4511
Gavin Stevens,gavin.stevens@gmail.com,555-234-5611
Hazel Tucker,hazel.tucker@yahoo.com,555-345-6711
Igor Underwood,igor.underwood@hotmail.com,555-456-7811
Jade Vega,jade.vega@gmail.com,555-567-8911
Kendall Warner,kendall.warner@outlook.com,555-678-9011
Xander Walker,xander.walker@gmail.com,555-567-8903
Luis Xiong,luis.xiong@gmail.com,555-789-0111
Megan Yates,megan.yates@yahoo.com,555-890-1211
Nate Zimmerman,nate.zimmerman@hotmail.com,555-901-2311
Oona Anand,oona.anand@gmail.com,555-012-3411
Pierce Brooks,pierce.brooks@outlook.com,555-123-4512
Quiana Chang,quiana.chang@gmail.com,555-234-5612
Robin Daniels,robin.daniels@yahoo.com,555-345-6712
Shawn Evans,shawn.evans@hotmail.com,555-456-7812
Tracy Fischer,tracy.fischer@gmail.com,555-567-8912
Yara Hall,yara.hall@outlook.com,555-678-9014
Umberto Gomez,umberto.gomez@outlook.com,555-678-9012
Vera Henderson,vera.henderson@gmail.com,555-789-0112
Wes Ibarra,wes.ibarra@yahoo.com,555-890-1212
Ximena Jefferson,ximena.jefferson@hotmail.com,555-901-2312
Yogi Knox,yogi.knox@gmail.com,555-012-3412
Zelda Lambert,zelda.lambert@outlook.com,555-123-4513
Axel Mason,axel.mason@gmail.com,555-234-5613
Bette Norton,bette.norton@yahoo.com,555-345-6713
Cole Oliver,cole.oliver@hotmail.com,555-456-7813
Dina Parker,dina.parker@gmail.com,555-567-8913
Zack Allen,zack.allen@gmail.com,555-789-0125
Eli Quinn,eli.quinn@outlook.com,555-678-9013
Flora Richards,flora.richards@gmail.com,555-789-0113
Glen Stevens,glen.stevens@yahoo.com,555-890-1213
Harriet Tucker,harriet.tucker@hotmail.com,555-901-2313
Ian Underwood,ian.underwood@gmail.com,555-012-3413
Jasper Vega,jasper.vega@outlook.com,555-123-4514
Kamila Warner,kamila.warner@gmail.com,555-234-5614
Leo Xiong,leo.xiong@yahoo.com,555-345-6714
Melody Yates,melody.yates@hotmail.com,555-456-7814
Nick Zimmerman,nick.zimmerman@gmail.com,555-567-8914
Amy Young,amy.young@yahoo.com,555-890-1236
Odette Anand,odette.anand@outlook.com,555-678-9014
Peyton Brooks,peyton.brooks@gmail.com,555-789-0114
Quan Chang,quan.chang@yahoo.com,555-890-1214
Renee Daniels,renee.daniels@hotmail.com,555-901-2314
Stewart Evans,stewart.evans@gmail.com,555-012-3414
Trudy Fischer,trudy.fischer@outlook.com,555-123-4515
Ursula Gomez,ursula2.gomez@gmail.com,555-234-5615
Vladimir Henderson,vladimir.henderson@yahoo.com,555-345-6715
Willa Ibarra,willa.ibarra@hotmail.com,555-456-7815
Brian Hernandez,brian.hernandez@hotmail.com,555-901-2347
Xiao Jefferson,xiao.jefferson@gmail.com,555-567-8915
Yosef Knox,yosef.knox@outlook.com,555-678-9015
Zara Lambert,zara.lambert@gmail.com,555-789-0115
Andre Mason,andre.mason@yahoo.com,555-890-1215
Bianca Norton,bianca.norton@hotmail.com,555-901-2315
Colt Oliver,colt.oliver@gmail.com,555-012-3415
Deanna Parker,deanna.parker@outlook.com,555-123-4516
Elvin Quinn,elvin.quinn@gmail.com,555-234-5616
Fatima Richards,fatima.richards@yahoo.com,555-345-6716
Christine King,christine.king@gmail.com,555-012-3458
Gareth Stevens,gareth.stevens@hotmail.com,555-456-7816
Hilda Tucker,hilda.tucker@gmail.com,555-567-8916
Ira Underwood,ira.underwood@outlook.com,555-678-9016
Josefina Vega,josefina.vega@gmail.com,555-789-0116
Kasper Warner,kasper.warner@yahoo.com,555-890-1216
Layla Xiong,layla.xiong@hotmail.com,555-901-2316
Miles Yates,miles.yates@gmail.com,555-012-3416
Nadine Zimmerman,nadine.zimmerman@outlook.com,555-123-4517
Derek Wright,derek.wright@outlook.com,555-123-4569
Omar Anand,omar.anand@gmail.com,555-234-5617
Portia Brooks,portia.brooks@yahoo.com,555-345-6717
Quinn Daniels,quinn.daniels@hotmail.com,555-456-7817
Roxanne Evans,roxanne.evans@gmail.com,555-567-8917
Silas Fischer,silas.fischer@outlook.com,555-678-9017
Tilda Gomez,tilda.gomez@gmail.com,555-789-0117
Ulrich Henderson,ulrich.henderson@yahoo.com,555-890-1217
Vivian Ibarra,vivian.ibarra@hotmail.com,555-901-2317
Winston Jefferson,winston.jefferson@gmail.com,555-012-3417
Ximena Knox,ximena.knox@outlook.com,555-123-4518
Eleanor Scott,eleanor.scott@gmail.com,555-234-5671
Yadira Lambert,yadira.lambert@gmail.com,555-234-5618
Zeb Mason,zeb.mason@yahoo.com,555-345-6718
Astrid Norton,astrid.norton@hotmail.com,555-456-7818
Bram Oliver,bram.oliver@gmail.com,555-567-8918
Coral Parker,coral.parker@outlook.com,555-678-9018
Devon Quinn,devon.quinn@gmail.com,555-789-0118
Ember Richards,ember.richards@yahoo.com,555-890-1218
Faust Stevens,faust.stevens@hotmail.com,555-901-2318
Greta Tucker,greta.tucker@gmail.com,555-012-3418
Hugo Underwood,hugo.underwood@outlook.com,555-123-4519
Finn Torres,finn.torres@yahoo.com,555-345-6782
Iris Vega,iris.vega@gmail.com,555-234-5619
Jody Warner,jody.warner@yahoo.com,555-345-6719
Keenan Xiong,keenan.xiong@hotmail.com,555-456-7819
Lena Yates,lena.yates@gmail.com,555-567-8919
Marco Zimmerman,marco.zimmerman@outlook.com,555-678-9019
Nadia Anand,nadia.anand@gmail.com,555-789-0119
Orion Brooks,orion.brooks@yahoo.com,555-890-1219
Paloma Chang,paloma.chang@hotmail.com,555-901-2319
Radley Daniels,radley.daniels@gmail.com,555-012-3419
Sabine Evans,sabine.evans@outlook.com,555-123-4520
Gloria Nguyen,gloria.nguyen@hotmail.com,555-456-7893
Tommy Fischer,tommy.fischer@gmail.com,555-234-5620
Ultima Gomez,ultima.gomez@yahoo.com,555-345-6720
Vasyl Henderson,vasyl.henderson@hotmail.com,555-456-7820
Winona Ibarra,winona.ibarra@gmail.com,555-567-8920
Xiang Jefferson,xiang.jefferson@outlook.com,555-678-9020
Yael Knox,yael.knox@gmail.com,555-789-0120
Zora Lambert,zora.lambert@yahoo.com,555-890-1220
Alton Mason,alton.mason@hotmail.com,555-901-2320
Bria Norton,bria.norton@gmail.com,555-012-3420
Hank Hill,hank.hill@gmail.com,555-567-8904
Colin Oliver,colin.oliver@outlook.com,555-123-4521
Darla Parker,darla.parker@gmail.com,555-234-5621
Ephraim Quinn,ephraim.quinn@yahoo.com,555-345-6721
Faye Richards,faye.richards@hotmail.com,555-456-7821
Gunnar Stevens,gunnar.stevens@gmail.com,555-567-8921
Hollis Tucker,hollis.tucker@outlook.com,555-678-9021
Ingrid Underwood,ingrid.underwood@gmail.com,555-789-0121
Jace Vega,jace.vega@yahoo.com,555-890-1221
Kerry Warner,kerry.warner@hotmail.com,555-901-2321
Isla Flores,isla.flores@outlook.com,555-678-9015
Lydia Xiong,lydia.xiong@gmail.com,555-012-3421
Matteo Yates,matteo.yates@outlook.com,555-123-4522
Noel Zimmerman,noel.zimmerman@gmail.com,555-234-5622
Oakley Anand,oakley.anand@yahoo.com,555-345-6722
Patrice Brooks,patrice.brooks@hotmail.com,555-456-7822
Randall Chang,randall.chang@gmail.com,555-567-8922
Sylvie Daniels,sylvie.daniels@outlook.com,555-678-9022
Thiago Evans,thiago.evans@gmail.com,555-789-0122
Unity Fischer,unity.fischer@yahoo.com,555-890-1222
Valentine Gomez,valentine.gomez@hotmail.com,555-901-2322
Wyatt Henderson,wyatt.henderson@gmail.com,555-012-3422
James Rivera,james.rivera@gmail.com,555-789-0126
Xena2 Ibarra,xena2.ibarra@outlook.com,555-123-4523
Yelena Jefferson,yelena.jefferson@gmail.com,555-234-5623
Zaid Knox,zaid.knox@yahoo.com,555-345-6723
Abner Lambert,abner.lambert@hotmail.com,555-456-7823
Blythe Mason,blythe.mason@gmail.com,555-567-8923
Cressida Norton,cressida.norton@outlook.com,555-678-9023
Dorian Oliver,dorian.oliver@gmail.com,555-789-0123
Esme Parker,esme.parker@yahoo.com,555-890-1223
Forrest Quinn,forrest.quinn@hotmail.com,555-901-2323
Kara Cooper,kara.cooper@yahoo.com,555-890-1237
Gillian Richards,gillian.richards@gmail.com,555-012-3423
Heath Stevens,heath.stevens@outlook.com,555-123-4524
Isolde Tucker,isolde.tucker@gmail.com,555-234-5624
Jarvis Underwood,jarvis.underwood@yahoo.com,555-345-6724
Kirsty Vega,kirsty.vega@hotmail.com,555-456-7824
Lachlan Warner,lachlan.warner@gmail.com,555-567-8924
Miriam Xiong,miriam.xiong@outlook.com,555-678-9024
Nigel Yates,nigel.yates@gmail.com,555-789-0124
Olympia Zimmerman,olympia.zimmerman@yahoo.com,555-890-1224
Piers Anand,piers.anand@hotmail.com,555-901-2324
Liam Reed,liam.reed@hotmail.com,555-901-2348
Romilda Brooks,romilda.brooks@gmail.com,555-012-3424
Seraphina Chang,seraphina.chang@outlook.com,555-123-4525
Tobias Daniels,tobias.daniels@gmail.com,555-234-5625
Ursa Evans,ursa.evans@yahoo.com,555-345-6725
Veda Fischer,veda.fischer@hotmail.com,555-456-7825
Waldorf Henderson,waldorf.henderson@gmail.com,555-567-8925
Xiara Ibarra,xiara.ibarra@outlook.com,555-678-9025
Yannick Jefferson,yannick.jefferson@gmail.com,555-789-0125
Zahara Knox,zahara.knox@yahoo.com,555-890-1225
Alaric Lambert,alaric.lambert@hotmail.com,555-901-2325
Maya Bailey,maya.bailey@gmail.com,555-012-3459
Blessing Mason,blessing.mason@gmail.com,555-012-3425
Cillian Norton,cillian.norton@outlook.com,555-123-4526
Dorothea Oliver,dorothea.oliver@gmail.com,555-234-5626
Evander Parker,evander.parker@yahoo.com,555-345-6726
Fiora Quinn,fiora.quinn@hotmail.com,555-456-7826
Gwendolyn Richards,gwendolyn.richards@gmail.com,555-567-8926
Henley Stevens,henley.stevens@outlook.com,555-678-9026
Isadora Tucker,isadora.tucker@gmail.com,555-789-0126
Jasmine Underwood,jasmine.underwood@yahoo.com,555-890-1226
Killian Vega,killian.vega@hotmail.com,555-901-2326
Noah Bell,noah.bell@outlook.com,555-123-4560
Lennox Warner,lennox.warner@gmail.com,555-012-3426
Margaux Xiong,margaux.xiong@outlook.com,555-123-4527
Nikhil Yates,nikhil.yates@gmail.com,555-234-5627
Odalys Zimmerman,odalys.zimmerman@yahoo.com,555-345-6727
Ptolemy Anand,ptolemy.anand@hotmail.com,555-456-7827
Quinella Brooks,quinella.brooks@gmail.com,555-567-8927
Rosaline Chang,rosaline.chang@outlook.com,555-678-9027
Silvio Daniels,silvio.daniels@gmail.com,555-789-0127
Tirzah Evans,tirzah.evans@yahoo.com,555-890-1227
Upton Fischer,upton.fischer@hotmail.com,555-901-2327
Opal Cox,opal.cox@gmail.com,555-234-5672
Viveca Gomez,viveca.gomez@gmail.com,555-012-3427
Wellesley Henderson,wellesley.henderson@outlook.com,555-123-4528
Xiuying Ibarra,xiuying.ibarra@gmail.com,555-234-5628
Yolanda Jefferson,yolanda2.jefferson@yahoo.com,555-345-6728
Zenobia Knox,zenobia.knox@hotmail.com,555-456-7828
Alistair Lambert,alistair.lambert@gmail.com,555-567-8928
Brooke Mason,brooke.mason@outlook.com,555-678-9028
Casper Norton,casper.norton@gmail.com,555-789-0128
Delilah Oliver,delilah.oliver@yahoo.com,555-890-1228
Patrick Diaz,patrick.diaz@yahoo.com,555-345-6783
Everett Parker,everett.parker@hotmail.com,555-901-2328
Fifi Quinn,fifi.quinn@gmail.com,555-012-3428
Goddard Richards,goddard.richards@outlook.com,555-123-4529
Hestia Tucker,hestia.tucker@gmail.com,555-234-5629
Indira Underwood,indira.underwood@yahoo.com,555-345-6729
Jerome Vega,jerome.vega@hotmail.com,555-456-7829
Kosta Warner,kosta.warner@gmail.com,555-567-8929
Liesl Xiong,liesl.xiong@outlook.com,555-678-9029
Mycroft Yates,mycroft.yates@gmail.com,555-789-0129
Nkechi Zimmerman,nkechi.zimmerman@yahoo.com,555-890-1229
Queenie Evans,queenie.evans@hotmail.com,555-456-7894
Orlando Anand,orlando.anand@hotmail.com,555-901-2329
Priscilla Brooks,priscilla.brooks@gmail.com,555-012-3429
Quinton Chang,quinton.chang@outlook.com,555-123-4530
Rosalind Daniels,rosalind.daniels@gmail.com,555-234-5630
Stafford Evans,stafford.evans@yahoo.com,555-345-6730
Titania Fischer,titania.fischer@hotmail.com,555-456-7830
Ugo Gomez,ugo.gomez@gmail.com,555-567-8930
Valentina Henderson,valentina.henderson@outlook.com,555-678-9030
Wren Ibarra,wren.ibarra@gmail.com,555-789-0130
Ximena2 Jefferson,ximena2.jefferson@yahoo.com,555-890-1230
Ryan Foster,ryan.foster@gmail.com,555-567-8905
Yorick Knox,yorick.knox@hotmail.com,555-901-2330
Zephyr Lambert,zephyr.lambert@gmail.com,555-012-3430
Sara Gonzalez,sara.gonzalez@outlook.com,555-678-9016
Tom Hayes,tom.hayes@gmail.com,555-789-0127
Ambrose Norton,ambrose.norton@gmail.com,555-012-3431
Brunhilde Oliver,brunhilde.oliver@outlook.com,555-123-4531
Calliope Parker,calliope.parker@gmail.com,555-234-5631
Drago Quinn,drago.quinn@yahoo.com,555-345-6731
Euphemia Richards,euphemia.richards@hotmail.com,555-456-7831
Florentino Stevens,florentino.stevens@gmail.com,555-567-8931
Giovanna Tucker,giovanna.tucker@outlook.com,555-678-9031
Hamish Underwood,hamish.underwood@gmail.com,555-789-0131
Imogen Vega,imogen.vega@yahoo.com,555-890-1231
Joaquin Warner,joaquin.warner@hotmail.com,555-901-2331
Kenji Xiong,kenji.xiong@gmail.com,555-012-3432
Uma Jenkins,uma.jenkins@yahoo.com,555-890-1238
Leontine Yates,leontine.yates@outlook.com,555-123-4532
Magnus Zimmerman,magnus.zimmerman@gmail.com,555-234-5632
Natasha Anand,natasha.anand@yahoo.com,555-345-6732
Octavia Brooks,octavia.brooks@hotmail.com,555-456-7832
Percival Chang,percival.chang@gmail.com,555-567-8932
Remy Daniels,remy.daniels@outlook.com,555-678-9032
Solange Evans,solange.evans@gmail.com,555-789-0132
Thalia Fischer,thalia.fischer@yahoo.com,555-890-1232
Vera Kelly,vera.kelly@hotmail.com,555-901-2349
Ulf Gomez,ulf.gomez@hotmail.com,555-901-2332
Vesper Henderson,vesper.henderson@gmail.com,555-012-3433
Waverly Ibarra,waverly.ibarra@outlook.com,555-123-4533
Xylander Jefferson,xylander.jefferson@gmail.com,555-234-5633
Yolanda Knox,yolanda.knox@yahoo.com,555-345-6733
Zinnia Lambert,zinnia.lambert@hotmail.com,555-456-7833
Amedeo Mason,amedeo.mason@gmail.com,555-567-8933
Will Long,will.long@gmail.com,555-012-3450
Beatrix Norton,beatrix.norton@outlook.com,555-678-9033
Cristiano Oliver,cristiano.oliver@gmail.com,555-789-0133
Delphine Parker,delphine.parker@yahoo.com,555-890-1233
Elio Quinn,elio.quinn@hotmail.com,555-901-2333
Floriana Richards,floriana.richards@gmail.com,555-012-3434
Guido Stevens,guido.stevens@outlook.com,555-123-4534
Hermione Tucker,hermione.tucker@gmail.com,555-234-5634
Isidor Underwood,isidor.underwood@yahoo.com,555-345-6734
Jacinta Vega,jacinta.vega@hotmail.com,555-456-7834
Kristopher Warner,kristopher.warner@gmail.com,555-567-8934
Xena Morgan,xena.morgan@outlook.com,555-123-4561
Lavinia Xiong,lavinia.xiong@outlook.com,555-678-9034
Merrick Yates,merrick.yates@gmail.com,555-789-0134
Nikolai Zimmerman,nikolai.zimmerman@yahoo.com,555-890-1234
Ondina Anand,ondina.anand@hotmail.com,555-901-2334
Peregrine Brooks,peregrine.brooks@gmail.com,555-012-3435