Rahul Sharma,rahul.sharma@gmail.com,9820012345
R. Sharma,rahul.sharma@gmail.com,9820012345
Rahul Shrama,rahul.sharma@gmail.com,9820012345
John Smith,jsmith@outlook.com,2025550101
Jon Smith,jsmith@outlook.com,2025550101
John Smith,smith.john99@gmail.com,2025550101
Priya Iyer,priya.iyer@yahoo.co.in,9144002233
Priya Iyer,priya.iyer@yahoo.co.in,9144002233
P. Iyer,piyer88@gmail.com,9144002233
Michael Brown,mbrown@btinternet.com,4477009001
Mike Brown,mbrown@btinternet.com,4477009001
Ananya Das,ananya.das@rediffmail.com,9830055441
Ananya Das,ananya.das@rediffmail.com,9830055441
A. Das,ananya.das@rediffmail.com,9830055441
Sarah Jenkins,s.jenkins@icloud.com,3105557890
Sara Jenkins,s.jenkins@icloud.com,3105557890
Vikram Singh,vicky.singh@gmail.com,9911223344
Vikram Singh,vicky.singh@gmail.com,9911223344
V. Singh,vicky.singh@gmail.com,9911223344
David Miller,miller.d@me.com,4155550999
David Miller,dmiller@work.com,4155550999
D. Miller,miller.d@me.com,4155550999
Siddharth Malhotra,sid.m@gmail.com,9811004455
Siddarth Malhotra,sid.m@gmail.com,9811004455
S. Malhotra,sid.m@gmail.com,9811004455
Emma Watson,em.watson@gmail.com,2125550123
Emma Watson,em.watson@gmail.com,2125550123
E. Watson,em.watson@gmail.com,2125550123
Rajesh Kumar,rkumar_77@yahoo.com,9444011223
Rajesh Kumar,rkumar_77@yahoo.com,9444011223
R. Kumar,rkumar_77@yahoo.com,9444011223
Chloe Adams,cadams@outlook.com,6175550456
Chloe Adams,cadams@outlook.com,6175550456
Amitabh Das,amit.das@zomato.com,9007012345
A. Das,amit.das@zomato.com,9007012345
Linda Thompson,lthompson@verizon.net,2145550789
L. Thompson,lthompson@verizon.net,2145550789
Karan Johar,karan.j@dharmaprod.com,9821098210
K. Johar,karan.j@dharmaprod.com,9821098210
Deepak Chawla,dchawla@gmail.com,9818818818
Deepak Chawla,dchawla@gmail.com,9818818818
D. Chawla,dchawla@gmail.com,9818818818
Olivia Wilde,olivia.w@fox.com,4155550222
O. Wilde,olivia.w@fox.com,4155550222
Sanjay Dutt,sanjay.d@bolly.com,9820098200
S. Dutt,sanjay.d@bolly.com,9820098200
Grace Hopper,ghopper@navy.mil,7035551122
G. Hopper,ghopper@navy.mil,7035551122
Nitin Gadkari,nitin.g@gov.in,9422112233
N. Gadkari,nitin.g@gov.in,9422112233
Emma Stone,estone@hollywood.com,2135550888
E. Stone,estone@hollywood.com,2135550888
Rahul Dravid,thewall@bcci.tv,9844098440
R. Dravid,thewall@bcci.tv,9844098440
Chris Evans,cap@avengers.com,6175550777
C. Evans,cap@avengers.com,6175550777
Meera Nair,meera.nair@films.com,9821198211
M. Nair,meera.nair@films.com,9821198211
Thomas Shelby,t.shelby@peaky.com,4412155500
T. Shelby,t.shelby@peaky.com,4412155500
Anil Ambani,anil.a@reliance.com,9821298212
A. Ambani,anil.a@reliance.com,9821298212
Diana Prince,diana@themyscira.gov,2025550001
D. Prince,diana@themyscira.gov,2025550001
Isha Ambani,isha.a@reliance.com,9821398213
I. Ambani,isha.a@reliance.com,9821398213
Tony Stark,tony@starkindustries.com,2125550999
T. Stark,tony@starkindustries.com,2125550999
Preeti Zinta,preeti.z@kxp.com,9821498214
P. Zinta,preeti.z@kxp.com,9821498214
Steve Rogers,steve.r@army.mil,7185550111
S. Rogers,steve.r@army.mil,7185550111
Varun Dhawan,varun.d@bolly.com,9821598215
V. Dhawan,varun.d@bolly.com,9821598215
Bruce Wayne,bruce@wayneent.com,3125550000
B. Wayne,bruce@wayneent.com,3125550000
Arjun Mehta,arjun.mehta@gmail.com,9820012345
Alice Cooper,alice.c@music.com,3125554433
James Sterling,j.sterling@gmail.co.uk,4420794601
Sunita Gupta,sunita.gupta@protonmail.com,8800554433
Robert Brown,rbrown_london@btinternet.com,4474001234
Samantha Reed,samantha.reed@gmail.com,6175550999
Rohan Verma,rohan.v@infy.com,9899001122