name,email,phone
Rahul Sharma,rahul@gmail.com,9000000001
R. Sharma,rahul@gmail.com,9000000001
Rahul S.,rahul@gmail.com,9000000001
Priya Verma,priya@gmail.com,9000000002
P. Verma,priya@gmail.com,9000000002
Amit Patel,amit@gmail.com,9000000003
A. Patel,amit@gmail.com,9000000003
Amith Patel,amith@gmail.com,9000000099
Sneha Reddy,sneha@gmail.com,9000000004
S. Reddy,sneha@gmail.com,9000000004
Sneha R,snehar@gmail.com,9000000010
Vikram Singh,vikram@gmail.com,9000000005
V. Singh,vikram@gmail.com,9000000005
Vikram S.,vikram.s@gmail.com,9000000011
Neha Kapoor,neha@gmail.com,9000000006
N. Kapoor,neha@gmail.com,9000000006
Neha K.,nehak@gmail.com,9000000012
Arjun Mehta,arjun@gmail.com,9000000007
A. Mehta,arjun@gmail.com,9000000007
Arjun M,arjunm@gmail.com,9000000013
Kiran Rao,kiran@gmail.com,9000000008
K. Rao,kiran@gmail.com,9000000008
Kirann Rao,kirann@gmail.com,9000000014
Anjali Desai,anjali@gmail.com,9000000009
A. Desai,anjali@gmail.com,9000000009
Anjali D.,anjalid@gmail.com,9000000015
Manish Gupta,manish@gmail.com,9000000016
M. Gupta,manish@gmail.com,9000000016
Manish G.,manishg@gmail.com,9000000020
Pooja Nair,pooja@gmail.com,9000000017
P. Nair,pooja@gmail.com,9000000017
Pooja N.,poojanair@gmail.com,9000000021
Rohan Das,rohan@gmail.com,9000000018
R. Das,rohan@gmail.com,9000000018
Rohan D.,rohand@gmail.com,9000000022
Deepika Iyer,deepika@gmail.com,9000000019
D. Iyer,deepika@gmail.com,9000000019
Deepika I.,deepikai@gmail.com,9000000023
Sanjay Kumar,sanjay@gmail.com,9000000024
S. Kumar,sanjay@gmail.com,9000000024
Sanjay K.,sanjayk@gmail.com,9000000025
Meera Joshi,meera@gmail.com,9000000026
M. Joshi,meera@gmail.com,9000000026
Meera J.,meeraj@gmail.com,9000000027
Nikhil Jain,nikhil@gmail.com,9000000028
N. Jain,nikhil@gmail.com,9000000028
Nikhil J.,nikhilj@gmail.com,9000000029
Tanvi Shah,tanvi@gmail.com,9000000030
T. Shah,tanvi@gmail.com,9000000030
Tanvi S.,tanvis@gmail.com,9000000031
Harsh Vora,harsh@gmail.com,9000000032
H. Vora,harsh@gmail.com,9000000032
Harsh V.,harshv@gmail.com,9000000033
Divya Menon,divya@gmail.com,9000000034
D. Menon,divya@gmail.com,9000000034
Divya M.,divyam@gmail.com,9000000035
Abhishek Roy,abhishek@gmail.com,9000000036
A. Roy,abhishek@gmail.com,9000000036
Abhishek R.,abhishekr@gmail.com,9000000037
Ishita Sen,ishita@gmail.com,9000000038
I. Sen,ishita@gmail.com,9000000038
Ishita S.,ishitas@gmail.com,9000000039
Kunal Arora,kunal@gmail.com,9000000040
K. Arora,kunal@gmail.com,9000000040
Kunal A.,kunala@gmail.com,9000000041
Simran Gill,simran@gmail.com,9000000042
S. Gill,simran@gmail.com,9000000042
Simran G.,simrang@gmail.com,9000000043